product,maturity_years,curve,index_tenor_m,spread,infl_curve,infl_comp,infl_lag_m,coupon_rate,g2_steps,g2_params,s0,vol,div,credit_spread,model_price,ref_price,diff_abs,diff_bps
FRN,1,flat,3,0.0,,,,,,,,,,,99.99397278438366,99.99397278438366,0.0,0.0
FRN,1,flat,3,0.001,,,,,,,,,,,100.09233652853096,100.09233652853096,0.0,0.0
FRN,1,flat,3,0.005,,,,,,,,,,,100.48579150512019,100.48579150512019,0.0,0.0
FRN,1,flat,6,0.0,,,,,,,,,,,99.99397278438364,99.99397278438364,0.0,0.0
FRN,1,flat,6,0.001,,,,,,,,,,,100.09206679810812,100.09206679810812,0.0,0.0
FRN,1,flat,6,0.005,,,,,,,,,,,100.48444285300604,100.48444285300604,0.0,0.0
FRN,2,flat,3,0.0,,,,,,,,,,,99.99397278438367,99.99397278438367,0.0,0.0
FRN,2,flat,3,0.001,,,,,,,,,,,100.18882642968623,100.18882642968623,0.0,0.0
FRN,2,flat,3,0.005,,,,,,,,,,,100.96824101089648,100.96824101089648,0.0,0.0
FRN,2,flat,6,0.0,,,,,,,,,,,99.99397278438366,99.99397278438366,0.0,0.0
FRN,2,flat,6,0.001,,,,,,,,,,,100.18829136424354,100.18829136424354,0.0,0.0
FRN,2,flat,6,0.005,,,,,,,,,,,100.96556568368307,100.96556568368307,0.0,0.0
FRN,3,flat,3,0.0,,,,,,,,,,,99.99397278438367,99.99397278438367,0.0,0.0
FRN,3,flat,3,0.001,,,,,,,,,,,100.28347181623899,100.28347181623899,0.0,0.0
FRN,3,flat,3,0.005,,,,,,,,,,,101.44146794366026,101.44146794366026,0.0,0.0
FRN,3,flat,6,0.0,,,,,,,,,,,99.99397278438367,99.99397278438366,1.4210854715202004e-14,1.4211711285683963e-12
FRN,3,flat,6,0.001,,,,,,,,,,,100.28267576724478,100.28267576724478,0.0,0.0
FRN,3,flat,6,0.005,,,,,,,,,,,101.43748769868927,101.43748769868927,0.0,0.0
FRN,5,flat,3,0.0,,,,,,,,,,,99.99397278438367,99.99397278438367,0.0,0.0
FRN,5,flat,3,0.001,,,,,,,,,,,100.46661236122594,100.46661236122596,-1.4210854715202004e-14,-1.4144853082243007e-12
FRN,5,flat,3,0.005,,,,,,,,,,,102.35717066859506,102.35717066859507,-1.4210854715202004e-14,-1.3883594693343878e-12
FRN,5,flat,6,0.0,,,,,,,,,,,99.99397278438366,99.99397278438367,-1.4210854715202004e-14,-1.4211711285683961e-12
FRN,5,flat,6,0.001,,,,,,,,,,,100.46531125089786,100.46531125089786,0.0,0.0
FRN,5,flat,6,0.005,,,,,,,,,,,102.35066511695462,102.35066511695462,0.0,0.0
FRN,7,flat,3,0.0,,,,,,,,,,,99.99397278438366,99.99397278438366,0.0,0.0
FRN,7,flat,3,0.001,,,,,,,,,,,100.64114794231564,100.64114794231564,0.0,0.0
FRN,7,flat,3,0.005,,,,,,,,,,,103.22984857404356,103.22984857404356,0.0,0.0
FRN,7,flat,6,0.0,,,,,,,,,,,99.99397278438367,99.99397278438367,0.0,0.0
FRN,7,flat,6,0.001,,,,,,,,,,,100.63936755634808,100.63936755634808,0.0,0.0
FRN,7,flat,6,0.005,,,,,,,,,,,103.22094664420568,103.22094664420568,0.0,0.0
FRN,10,flat,3,0.0,,,,,,,,,,,99.99397278438367,99.99397278438367,0.0,0.0
FRN,10,flat,3,0.001,,,,,,,,,,,100.8893121071323,100.8893121071323,0.0,0.0
FRN,10,flat,3,0.005,,,,,,,,,,,104.47066939812684,104.47066939812684,0.0,0.0
FRN,10,flat,6,0.0,,,,,,,,,,,99.99397278438369,99.99397278438369,0.0,0.0
FRN,10,flat,6,0.001,,,,,,,,,,,100.88684937300914,100.88684937300914,0.0,0.0
FRN,10,flat,6,0.005,,,,,,,,,,,104.458355727511,104.458355727511,0.0,0.0
FRN,1,upward,3,0.0,,,,,,,,,,,99.99506861474748,99.99506861474748,0.0,0.0
FRN,1,upward,3,0.001,,,,,,,,,,,100.09350034112138,100.09350034112138,0.0,0.0
FRN,1,upward,3,0.005,,,,,,,,,,,100.48722724661701,100.48722724661701,0.0,0.0
FRN,1,upward,6,0.0,,,,,,,,,,,99.99506861474748,99.99506861474748,0.0,0.0
FRN,1,upward,6,0.001,,,,,,,,,,,100.09321209833611,100.09321209833611,0.0,0.0
FRN,1,upward,6,0.005,,,,,,,,,,,100.48578603269058,100.48578603269058,0.0,0.0
FRN,2,upward,3,0.0,,,,,,,,,,,99.9950686147475,99.99506861474748,1.4210854715202004e-14,1.4211555541756142e-12
FRN,2,upward,3,0.001,,,,,,,,,,,100.18967563072889,100.18967563072889,0.0,0.0
FRN,2,upward,3,0.005,,,,,,,,,,,100.96810369465446,100.96810369465445,1.4210854715202004e-14,1.4074598011841604e-12
FRN,2,upward,6,0.0,,,,,,,,,,,99.99506861474748,99.99506861474748,0.0,0.0
FRN,2,upward,6,0.001,,,,,,,,,,,100.18904197862007,100.18904197862007,0.0,0.0
FRN,2,upward,6,0.005,,,,,,,,,,,100.96493543411042,100.96493543411042,0.0,0.0
FRN,3,upward,3,0.0,,,,,,,,,,,99.9950686147475,99.9950686147475,0.0,0.0
FRN,3,upward,3,0.001,,,,,,,,,,,100.28309628086849,100.28309628086849,0.0,0.0
FRN,3,upward,3,0.005,,,,,,,,,,,101.43520694535249,101.43520694535249,0.0,0.0
FRN,3,upward,6,0.0,,,,,,,,,,,99.99506861474748,99.99506861474748,0.0,0.0
FRN,3,upward,6,0.001,,,,,,,,,,,100.28205580887152,100.28205580887152,0.0,0.0
FRN,3,upward,6,0.005,,,,,,,,,,,101.43000458536771,101.43000458536771,0.0,0.0
FRN,5,upward,3,0.0,,,,,,,,,,,99.99506861474747,99.99506861474747,0.0,0.0
FRN,5,upward,3,0.001,,,,,,,,,,,100.45997007909516,100.45997007909516,0.0,0.0
FRN,5,upward,3,0.005,,,,,,,,,,,102.3195759364859,102.3195759364859,0.0,0.0
FRN,5,upward,6,0.0,,,,,,,,,,,99.99506861474747,99.99506861474747,0.0,0.0
FRN,5,upward,6,0.001,,,,,,,,,,,100.45810923694437,100.45810923694437,0.0,0.0
FRN,5,upward,6,0.005,,,,,,,,,,,102.31027172573197,102.31027172573197,0.0,0.0
FRN,7,upward,3,0.0,,,,,,,,,,,99.99506861474745,99.99506861474745,0.0,0.0
FRN,7,upward,3,0.001,,,,,,,,,,,100.62354941195386,100.62354941195386,0.0,0.0
FRN,7,upward,3,0.005,,,,,,,,,,,103.13747260077946,103.13747260077946,0.0,0.0
FRN,7,upward,6,0.0,,,,,,,,,,,99.99506861474748,99.99506861474747,1.4210854715202004e-14,1.4211555541756144e-12
FRN,7,upward,6,0.001,,,,,,,,,,,100.62093312722914,100.62093312722914,0.0,0.0
FRN,7,upward,6,0.005,,,,,,,,,,,103.12439117715576,103.12439117715576,0.0,0.0
FRN,10,upward,3,0.0,,,,,,,,,,,99.99506861474748,99.99506861474748,0.0,0.0
FRN,10,upward,3,0.001,,,,,,,,,,,100.84762006072974,100.84762006072974,0.0,0.0
FRN,10,upward,3,0.005,,,,,,,,,,,104.25782584465875,104.25782584465875,0.0,0.0
FRN,10,upward,6,0.0,,,,,,,,,,,99.99506861474748,99.99506861474748,0.0,0.0
FRN,10,upward,6,0.001,,,,,,,,,,,100.84396758378301,100.84396758378301,0.0,0.0
FRN,10,upward,6,0.005,,,,,,,,,,,104.23956345992515,104.23956345992515,0.0,0.0
FRN,1,downward,3,0.0,,,,,,,,,,,99.99178115968299,99.99178115968299,0.0,0.0
FRN,1,downward,3,0.001,,,,,,,,,,,100.08992041116153,100.08992041116151,1.4210854715202004e-14,1.419808773633242e-12
FRN,1,downward,3,0.005,,,,,,,,,,,100.48247741707566,100.48247741707566,0.0,0.0
FRN,1,downward,6,0.0,,,,,,,,,,,99.99178115968299,99.99178115968299,0.0,0.0
FRN,1,downward,6,0.001,,,,,,,,,,,100.08965424632923,100.08965424632923,0.0,0.0
FRN,1,downward,6,0.005,,,,,,,,,,,100.48114659291423,100.48114659291423,0.0,0.0
FRN,2,downward,3,0.0,,,,,,,,,,,99.99178115968299,99.99178115968299,0.0,0.0
FRN,2,downward,3,0.001,,,,,,,,,,,100.18630732066127,100.18630732066127,0.0,0.0
FRN,2,downward,3,0.005,,,,,,,,,,,100.96441196457441,100.96441196457441,0.0,0.0
FRN,2,downward,6,0.0,,,,,,,,,,,99.99178115968299,99.99178115968299,0.0,0.0
FRN,2,downward,6,0.001,,,,,,,,,,,100.18580611399425,100.18580611399423,1.4210854715202004e-14,1.418449904873001e-12
FRN,2,downward,6,0.005,,,,,,,,,,,100.96190593123926,100.96190593123924,1.4210854715202004e-14,1.4075462011266307e-12
FRN,3,downward,3,0.0,,,,,,,,,,,99.99178115968299,99.99178115968299,0.0,0.0
FRN,3,downward,3,0.001,,,,,,,,,,,100.28127875630217,100.28127875630219,-1.4210854715202004e-14,-1.4170994717504959e-12
FRN,3,downward,3,0.005,,,,,,,,,,,101.43926914277893,101.43926914277893,0.0,0.0
FRN,3,downward,6,0.0,,,,,,,,,,,99.99178115968299,99.991781159683,-1.4210854715202004e-14,-1.4212022778659998e-12
FRN,3,downward,6,0.001,,,,,,,,,,,100.28059304343503,100.28059304343505,-1.4210854715202004e-14,-1.4171091617943246e-12
FRN,3,downward,6,0.005,,,,,,,,,,,101.43584057844322,101.43584057844323,-1.4210854715202004e-14,-1.4009697789424186e-12
FRN,5,downward,3,0.0,,,,,,,,,,,99.99178115968297,99.99178115968297,0.0,0.0
FRN,5,downward,3,0.001,,,,,,,,,,,100.46718703404922,100.46718703404922,0.0,0.0
FRN,5,downward,3,0.005,,,,,,,,,,,102.36881053151416,102.36881053151414,1.4210854715202004e-14,1.3882016056860605e-12
FRN,5,downward,6,0.0,,,,,,,,,,,99.991781159683,99.991781159683,0.0,0.0
FRN,5,downward,6,0.001,,,,,,,,,,,100.46617506461348,100.46617506461348,0.0,0.0
FRN,5,downward,6,0.005,,,,,,,,,,,102.3637506843354,102.3637506843354,0.0,0.0
FRN,7,downward,3,0.0,,,,,,,,,,,99.99178115968297,99.99178115968297,0.0,0.0
FRN,7,downward,3,0.001,,,,,,,,,,,100.6472191050855,100.6472191050855,0.0,0.0
FRN,7,downward,3,0.005,,,,,,,,,,,103.26897088669558,103.26897088669558,0.0,0.0
FRN,7,downward,6,0.0,,,,,,,,,,,99.991781159683,99.991781159683,0.0,0.0
FRN,7,downward,6,0.001,,,,,,,,,,,100.64589253461831,100.64589253461831,0.0,0.0
FRN,7,downward,6,0.005,,,,,,,,,,,103.26233803435953,103.26233803435953,0.0,0.0
FRN,10,downward,3,0.0,,,,,,,,,,,99.99178115968296,99.99178115968296,0.0,0.0
FRN,10,downward,3,0.001,,,,,,,,,,,100.90835155211612,100.90835155211612,0.0,0.0
FRN,10,downward,3,0.005,,,,,,,,,,,104.57463312184875,104.57463312184875,0.0,0.0
FRN,10,downward,6,0.0,,,,,,,,,,,99.99178115968299,99.99178115968299,0.0,0.0
FRN,10,downward,6,0.001,,,,,,,,,,,100.90656807477237,100.90656807477237,0.0,0.0
FRN,10,downward,6,0.005,,,,,,,,,,,104.56571573512987,104.56571573512987,0.0,0.0
FRN,1,steepener,3,0.0,,,,,,,,,,,99.99452069806443,99.99452069806443,0.0,0.0
FRN,1,steepener,3,0.001,,,,,,,,,,,100.09291842543068,100.09291842543068,0.0,0.0
FRN,1,steepener,3,0.005,,,,,,,,,,,100.48650933489563,100.48650933489563,0.0,0.0
FRN,1,steepener,6,0.0,,,,,,,,,,,99.99452069806445,99.99452069806445,0.0,0.0
FRN,1,steepener,6,0.001,,,,,,,,,,,100.09263944055458,100.09263944055458,0.0,0.0
FRN,1,steepener,6,0.005,,,,,,,,,,,100.48511441051508,100.48511441051508,0.0,0.0
FRN,2,steepener,3,0.0,,,,,,,,,,,99.99452069806443,99.99452069806443,0.0,0.0
FRN,2,steepener,3,0.001,,,,,,,,,,,100.18919843341669,100.18919843341669,0.0,0.0
FRN,2,steepener,3,0.005,,,,,,,,,,,100.9679093748257,100.9679093748257,0.0,0.0
FRN,2,steepener,6,0.0,,,,,,,,,,,99.99452069806443,99.99452069806443,0.0,0.0
FRN,2,steepener,6,0.001,,,,,,,,,,,100.18860066559921,100.18860066559921,0.0,0.0
FRN,2,steepener,6,0.005,,,,,,,,,,,100.96492053573829,100.96492053573829,0.0,0.0
FRN,3,steepener,3,0.0,,,,,,,,,,,99.99452069806445,99.99452069806445,0.0,0.0
FRN,3,steepener,3,0.001,,,,,,,,,,,100.28302542519856,100.28302542519856,0.0,0.0
FRN,3,steepener,3,0.005,,,,,,,,,,,101.43704433373505,101.43704433373505,0.0,0.0
FRN,3,steepener,6,0.0,,,,,,,,,,,99.99452069806445,99.99452069806445,0.0,0.0
FRN,3,steepener,6,0.001,,,,,,,,,,,100.28206900968304,100.28206900968304,0.0,0.0
FRN,3,steepener,6,0.005,,,,,,,,,,,101.43226225615741,101.43226225615741,0.0,0.0
FRN,5,steepener,3,0.0,,,,,,,,,,,99.99452069806443,99.99452069806443,0.0,0.0
FRN,5,steepener,3,0.001,,,,,,,,,,,100.46196247049355,100.46196247049356,-1.4210854715202004e-14,-1.4145507778006866e-12
FRN,5,steepener,3,0.005,,,,,,,,,,,102.33172956021004,102.33172956021004,0.0,0.0
FRN,5,steepener,6,0.0,,,,,,,,,,,99.99452069806442,99.99452069806442,0.0,0.0
FRN,5,steepener,6,0.001,,,,,,,,,,,100.46028827325611,100.46028827325613,-1.4210854715202004e-14,-1.4145743516630066e-12
FRN,5,steepener,6,0.005,,,,,,,,,,,102.32335857402289,102.3233585740229,-1.4210854715202004e-14,-1.38881824377584e-12
FRN,7,steepener,3,0.0,,,,,,,,,,,99.99452069806445,99.99452069806445,0.0,0.0
FRN,7,steepener,3,0.001,,,,,,,,,,,100.62911388727014,100.62911388727014,0.0,0.0
FRN,7,steepener,3,0.005,,,,,,,,,,,103.16748664409289,103.16748664409289,0.0,0.0
FRN,7,steepener,6,0.0,,,,,,,,,,,99.99452069806443,99.99452069806443,0.0,0.0
FRN,7,steepener,6,0.001,,,,,,,,,,,100.62677206299111,100.62677206299111,0.0,0.0
FRN,7,steepener,6,0.005,,,,,,,,,,,103.1557775226978,103.1557775226978,0.0,0.0
FRN,10,steepener,3,0.0,,,,,,,,,,,99.99452069806446,99.99452069806445,1.4210854715202004e-14,1.4211633413506704e-12
FRN,10,steepener,3,0.001,,,,,,,,,,,100.86093959712287,100.86093959712287,0.0,0.0
FRN,10,steepener,3,0.005,,,,,,,,,,,104.32661519335653,104.32661519335653,0.0,0.0
FRN,10,steepener,6,0.0,,,,,,,,,,,99.99452069806442,99.99452069806442,0.0,0.0
FRN,10,steepener,6,0.001,,,,,,,,,,,100.85767059677485,100.85767059677484,1.4210854715202004e-14,1.4090008852193767e-12
FRN,10,steepener,6,0.005,,,,,,,,,,,104.3102701916165,104.3102701916165,0.0,0.0
FRN,1,flattener,3,0.0,,,,,,,,,,,99.99506861474748,99.99506861474748,0.0,0.0
FRN,1,flattener,3,0.001,,,,,,,,,,,100.09354480063463,100.09354480063463,0.0,0.0
FRN,1,flattener,3,0.005,,,,,,,,,,,100.48744954418325,100.48744954418325,0.0,0.0
FRN,1,flattener,6,0.0,,,,,,,,,,,99.99506861474748,99.99506861474748,0.0,0.0
FRN,1,flattener,6,0.001,,,,,,,,,,,100.09327328128978,100.09327328128978,0.0,0.0
FRN,1,flattener,6,0.005,,,,,,,,,,,100.48609194745899,100.48609194745899,0.0,0.0
FRN,2,flattener,3,0.0,,,,,,,,,,,99.99506861474747,99.99506861474747,0.0,0.0
FRN,2,flattener,3,0.001,,,,,,,,,,,100.189928727677,100.189928727677,0.0,0.0
FRN,2,flattener,3,0.005,,,,,,,,,,,100.96936917939512,100.96936917939513,-1.4210854715202004e-14,-1.4074421609937146e-12
FRN,2,flattener,6,0.0,,,,,,,,,,,99.99506861474748,99.9950686147475,-1.4210854715202004e-14,-1.4211555541756142e-12
FRN,2,flattener,6,0.001,,,,,,,,,,,100.18933660864464,100.18933660864464,0.0,0.0
FRN,2,flattener,6,0.005,,,,,,,,,,,100.96640858423324,100.96640858423324,0.0,0.0
FRN,3,flattener,3,0.0,,,,,,,,,,,99.99506861474745,99.99506861474745,0.0,0.0
FRN,3,flattener,3,0.001,,,,,,,,,,,100.2837983228197,100.2837983228197,0.0,0.0
FRN,3,flattener,3,0.005,,,,,,,,,,,101.43871715510869,101.43871715510869,0.0,0.0
FRN,3,flattener,6,0.0,,,,,,,,,,,99.99506861474748,99.99506861474748,0.0,0.0
FRN,3,flattener,6,0.001,,,,,,,,,,,100.28283417163712,100.28283417163713,-1.4210854715202004e-14,-1.4170774921338672e-12
FRN,3,flattener,6,0.005,,,,,,,,,,,101.43389639919572,101.43389639919572,0.0,0.0
FRN,5,flattener,3,0.0,,,,,,,,,,,99.99506861474745,99.99506861474745,0.0,0.0
FRN,5,flattener,3,0.001,,,,,,,,,,,100.46243498225978,100.46243498225978,0.0,0.0
FRN,5,flattener,3,0.005,,,,,,,,,,,102.33190045230907,102.33190045230907,0.0,0.0
FRN,5,flattener,6,0.0,,,,,,,,,,,99.9950686147475,99.9950686147475,0.0,0.0
FRN,5,flattener,6,0.001,,,,,,,,,,,100.46072066347968,100.46072066347968,0.0,0.0
FRN,5,flattener,6,0.005,,,,,,,,,,,102.32332885840844,102.32332885840844,0.0,0.0
FRN,7,flattener,3,0.0,,,,,,,,,,,99.99506861474742,99.99506861474742,0.0,0.0
FRN,7,flattener,3,0.001,,,,,,,,,,,100.62880571537953,100.62880571537953,0.0,0.0
FRN,7,flattener,3,0.005,,,,,,,,,,,103.16375411790791,103.16375411790791,0.0,0.0
FRN,7,flattener,6,0.0,,,,,,,,,,,99.99506861474748,99.99506861474748,0.0,0.0
FRN,7,flattener,6,0.001,,,,,,,,,,,100.6263957400885,100.62639574008848,1.4210854715202004e-14,1.4122392649248543e-12
FRN,7,flattener,6,0.005,,,,,,,,,,,103.15170424145252,103.15170424145252,0.0,0.0
FRN,10,flattener,3,0.0,,,,,,,,,,,99.99506861474745,99.99506861474747,-1.4210854715202004e-14,-1.4211555541756144e-12
FRN,10,flattener,3,0.001,,,,,,,,,,,100.85869011106958,100.85869011106959,-1.4210854715202004e-14,-1.4089866425542952e-12
FRN,10,flattener,3,0.005,,,,,,,,,,,104.31317609635803,104.31317609635805,-1.4210854715202004e-14,-1.3623259541129201e-12
FRN,10,flattener,6,0.0,,,,,,,,,,,99.9950686147475,99.9950686147475,0.0,0.0
FRN,10,flattener,6,0.001,,,,,,,,,,,100.85531762445251,100.85531762445252,-1.4210854715202004e-14,-1.4090337574581749e-12
FRN,10,flattener,6,0.005,,,,,,,,,,,104.2963136632726,104.29631366327261,-1.4210854715202004e-14,-1.3625462124272836e-12
FRN,1,hump,3,0.0,,,,,,,,,,,99.99506861474748,99.99506861474748,0.0,0.0
FRN,1,hump,3,0.001,,,,,,,,,,,100.09343263382287,100.09343263382287,0.0,0.0
FRN,1,hump,3,0.005,,,,,,,,,,,100.48688871012443,100.48688871012443,0.0,0.0
FRN,1,hump,6,0.0,,,,,,,,,,,99.99506861474748,99.99506861474748,0.0,0.0
FRN,1,hump,6,0.001,,,,,,,,,,,100.0931191840137,100.0931191840137,0.0,0.0
FRN,1,hump,6,0.005,,,,,,,,,,,100.48532146107858,100.48532146107858,0.0,0.0
FRN,2,hump,3,0.0,,,,,,,,,,,99.99506861474751,99.99506861474751,0.0,0.0
FRN,2,hump,3,0.001,,,,,,,,,,,100.18947854510448,100.18947854510448,0.0,0.0
FRN,2,hump,3,0.005,,,,,,,,,,,100.96711826653234,100.96711826653232,1.4210854715202004e-14,1.4074735378391494e-12
FRN,2,hump,6,0.0,,,,,,,,,,,99.99506861474748,99.99506861474748,0.0,0.0
FRN,2,hump,6,0.001,,,,,,,,,,,100.18882908370227,100.18882908370227,0.0,0.0
FRN,2,hump,6,0.005,,,,,,,,,,,100.96387095952143,100.96387095952143,0.0,0.0
FRN,3,hump,3,0.0,,,,,,,,,,,99.9950686147475,99.99506861474751,-1.4210854715202004e-14,-1.421155554175614e-12
FRN,3,hump,3,0.001,,,,,,,,,,,100.28293691979576,100.28293691979576,0.0,0.0
FRN,3,hump,3,0.005,,,,,,,,,,,101.43441013998876,101.43441013998877,-1.4210854715202004e-14,-1.4009895355619185e-12
FRN,3,hump,6,0.0,,,,,,,,,,,99.99506861474748,99.99506861474748,0.0,0.0
FRN,3,hump,6,0.001,,,,,,,,,,,100.28191265268467,100.28191265268467,0.0,0.0
FRN,3,hump,6,0.005,,,,,,,,,,,101.42928880443341,101.42928880443341,0.0,0.0
FRN,5,hump,3,0.0,,,,,,,,,,,99.99506861474751,99.99506861474751,0.0,0.0
FRN,5,hump,3,0.001,,,,,,,,,,,100.46077152025455,100.46077152025454,1.4210854715202004e-14,1.41456754712827e-12
FRN,5,hump,3,0.005,,,,,,,,,,,102.32358314228267,102.32358314228267,0.0,0.0
FRN,5,hump,6,0.0,,,,,,,,,,,99.99506861474751,99.99506861474751,0.0,0.0
FRN,5,hump,6,0.001,,,,,,,,,,,100.45900045371606,100.45900045371606,0.0,0.0
FRN,5,hump,6,0.005,,,,,,,,,,,102.31472780959027,102.31472780959027,0.0,0.0
FRN,7,hump,3,0.0,,,,,,,,,,,99.99506861474752,99.99506861474752,0.0,0.0
FRN,7,hump,3,0.001,,,,,,,,,,,100.62639526705505,100.62639526705505,0.0,0.0
FRN,7,hump,3,0.005,,,,,,,,,,,103.15170187628513,103.15170187628513,0.0,0.0
FRN,7,hump,6,0.0,,,,,,,,,,,99.99506861474751,99.99506861474751,0.0,0.0
FRN,7,hump,6,0.001,,,,,,,,,,,100.62393166742693,100.62393166742693,0.0,0.0
FRN,7,hump,6,0.005,,,,,,,,,,,103.1393838781446,103.13938387814461,-1.4210854715202004e-14,-1.3778300956297747e-12
FRN,10,hump,3,0.0,,,,,,,,,,,99.9950686147475,99.9950686147475,0.0,0.0
FRN,10,hump,3,0.001,,,,,,,,,,,100.85524750705649,100.85524750705649,0.0,0.0
FRN,10,hump,3,0.005,,,,,,,,,,,104.29596307629248,104.29596307629248,0.0,0.0
FRN,10,hump,6,0.0,,,,,,,,,,,99.99506861474754,99.99506861474754,0.0,0.0
FRN,10,hump,6,0.001,,,,,,,,,,,100.85182571767255,100.85182571767255,0.0,0.0
FRN,10,hump,6,0.005,,,,,,,,,,,104.27885412937269,104.27885412937269,0.0,0.0
FRN,1,inverted,3,0.0,,,,,,,,,,,99.99232906135484,99.99232906135484,0.0,0.0
FRN,1,inverted,3,0.001,,,,,,,,,,,100.09059095050331,100.09059095050331,0.0,0.0
FRN,1,inverted,3,0.005,,,,,,,,,,,100.48363850709718,100.48363850709718,0.0,0.0
FRN,1,inverted,6,0.0,,,,,,,,,,,99.99232906135484,99.99232906135484,0.0,0.0
FRN,1,inverted,6,0.001,,,,,,,,,,,100.09034896271795,100.09034896271795,0.0,0.0
FRN,1,inverted,6,0.005,,,,,,,,,,,100.48242856817043,100.48242856817043,0.0,0.0
FRN,2,inverted,3,0.0,,,,,,,,,,,99.99232906135485,99.99232906135485,0.0,0.0
FRN,2,inverted,3,0.001,,,,,,,,,,,100.1872913550742,100.1872913550742,0.0,0.0
FRN,2,inverted,3,0.005,,,,,,,,,,,100.96714052995154,100.96714052995154,0.0,0.0
FRN,2,inverted,6,0.0,,,,,,,,,,,99.99232906135482,99.99232906135482,0.0,0.0
FRN,2,inverted,6,0.001,,,,,,,,,,,100.1868377413721,100.1868377413721,0.0,0.0
FRN,2,inverted,6,0.005,,,,,,,,,,,100.96487246144117,100.96487246144119,-1.4210854715202004e-14,-1.407504844878517e-12
FRN,3,inverted,3,0.0,,,,,,,,,,,99.99232906135485,99.99232906135485,0.0,0.0
FRN,3,inverted,3,0.001,,,,,,,,,,,100.28276281494813,100.28276281494814,-1.4210854715202004e-14,-1.4170785004622683e-12
FRN,3,inverted,3,0.005,,,,,,,,,,,101.44449782932128,101.44449782932128,0.0,0.0
FRN,3,inverted,6,0.0,,,,,,,,,,,99.99232906135484,99.99232906135484,0.0,0.0
FRN,3,inverted,6,0.001,,,,,,,,,,,100.28214766261141,100.28214766261141,0.0,0.0
FRN,3,inverted,6,0.005,,,,,,,,,,,101.44142206763769,101.4414220676377,-1.4210854715202004e-14,-1.4008926950695436e-12
FRN,5,inverted,3,0.0,,,,,,,,,,,99.99232906135484,99.99232906135485,-1.4210854715202004e-14,-1.4211944904775932e-12
FRN,5,inverted,3,0.001,,,,,,,,,,,100.47021177648747,100.47021177648747,0.0,0.0
FRN,5,inverted,3,0.005,,,,,,,,,,,102.38174263701801,102.38174263701802,-1.4210854715202004e-14,-1.3880262583129549e-12
FRN,5,inverted,6,0.0,,,,,,,,,,,99.99232906135484,99.99232906135484,0.0,0.0
FRN,5,inverted,6,0.001,,,,,,,,,,,100.46931465886735,100.46931465886735,0.0,0.0
FRN,5,inverted,6,0.005,,,,,,,,,,,102.37725704891739,102.37725704891739,0.0,0.0
FRN,7,inverted,3,0.0,,,,,,,,,,,99.99232906135487,99.99232906135488,-1.4210854715202004e-14,-1.4211944904775928e-12
FRN,7,inverted,3,0.001,,,,,,,,,,,100.6524636908847,100.6524636908847,0.0,0.0
FRN,7,inverted,3,0.005,,,,,,,,,,,103.29300220900397,103.29300220900397,0.0,0.0
FRN,7,inverted,6,0.0,,,,,,,,,,,99.99232906135484,99.99232906135484,0.0,0.0
FRN,7,inverted,6,0.001,,,,,,,,,,,100.65129358975585,100.65129358975585,0.0,0.0
FRN,7,inverted,6,0.005,,,,,,,,,,,103.28715170335991,103.28715170335991,0.0,0.0
FRN,10,inverted,3,0.0,,,,,,,,,,,99.99232906135488,99.99232906135488,0.0,0.0
FRN,10,inverted,3,0.001,,,,,,,,,,,100.91813755713049,100.91813755713049,0.0,0.0
FRN,10,inverted,3,0.005,,,,,,,,,,,104.6213715402329,104.6213715402329,0.0,0.0
FRN,10,inverted,6,0.0,,,,,,,,,,,99.99232906135484,99.99232906135484,0.0,0.0
FRN,10,inverted,6,0.001,,,,,,,,,,,100.91656901182014,100.91656901182013,1.4210854715202004e-14,1.4081785433606566e-12
FRN,10,inverted,6,0.005,,,,,,,,,,,104.61352881368131,104.6135288136813,1.4210854715202004e-14,1.3584146215459197e-12
ILB,2,flat,,,infl_up,continuous,0,0.0,,,,,,,99.10403787728838,99.10403787728838,0.0,0.0
ILB,2,flat,,,infl_flat,continuous,0,0.0,,,,,,,99.20319148370606,99.20319148370606,0.0,0.0
ILB,2,flat,,,infl_down,continuous,0,0.0,,,,,,,99.80019986673331,99.80019986673331,0.0,0.0
ILB,2,flat,,,infl_up,continuous,0,0.015,,,,,,,102.07939463800102,102.07939463800102,0.0,0.0
ILB,2,flat,,,infl_flat,continuous,0,0.015,,,,,,,102.18413484703015,102.18413484703015,0.0,0.0
ILB,2,flat,,,infl_down,continuous,0,0.015,,,,,,,102.79384209789964,102.79384209789964,0.0,0.0
ILB,2,flat,,,infl_up,continuous,2,0.0,,,,,,,98.77424105110842,98.77424105110842,0.0,0.0
ILB,2,flat,,,infl_flat,continuous,2,0.0,,,,,,,98.90602787753689,98.90602787753689,0.0,0.0
ILB,2,flat,,,infl_down,continuous,2,0.0,,,,,,,99.46808636386143,99.46808636386143,0.0,0.0
ILB,2,flat,,,infl_up,continuous,2,0.015,,,,,,,101.7409328996995,101.7409328996995,0.0,0.0
ILB,2,flat,,,infl_flat,continuous,2,0.015,,,,,,,101.87804181161194,101.87804181161194,0.0,0.0
ILB,2,flat,,,infl_down,continuous,2,0.015,,,,,,,102.45126951248804,102.45126951248804,0.0,0.0
ILB,2,flat,,,infl_up,continuous,3,0.0,,,,,,,98.6097544262862,98.6097544262862,0.0,0.0
ILB,2,flat,,,infl_flat,continuous,3,0.0,,,,,,,98.75778004938813,98.75778004938813,0.0,0.0
ILB,2,flat,,,infl_down,continuous,3,0.0,,,,,,,99.30244429332352,99.30244429332352,0.0,0.0
ILB,2,flat,,,infl_up,continuous,3,0.015,,,,,,,101.57212347909626,101.57212347909626,0.0,0.0
ILB,2,flat,,,infl_flat,continuous,3,0.015,,,,,,,101.72533930440662,101.72533930440662,0.0,0.0
ILB,2,flat,,,infl_down,continuous,3,0.015,,,,,,,102.28041164278174,102.28041164278174,0.0,0.0
ILB,2,flat,,,infl_up,annual,0,0.0,,,,,,,99.0734432171845,99.0734432171845,0.0,0.0
ILB,2,flat,,,infl_flat,annual,0,0.0,,,,,,,99.17143530242977,99.17143530242977,0.0,0.0
ILB,2,flat,,,infl_down,annual,0,0.0,,,,,,,99.75670834282027,99.75670834282027,0.0,0.0
ILB,2,flat,,,infl_up,annual,0,0.015,,,,,,,102.04828987827143,102.04828987827143,0.0,0.0
ILB,2,flat,,,infl_flat,annual,0,0.015,,,,,,,102.1517823411184,102.1517823411184,0.0,0.0
ILB,2,flat,,,infl_down,annual,0,0.015,,,,,,,102.74950397429855,102.74950397429855,0.0,0.0
ILB,2,flat,,,infl_up,annual,2,0.0,,,,,,,98.74699647694439,98.74699647694439,0.0,0.0
ILB,2,flat,,,infl_flat,annual,2,0.0,,,,,,,98.87700485618616,98.87700485618616,0.0,0.0
ILB,2,flat,,,infl_down,annual,2,0.0,,,,,,,99.42801024575093,99.42801024575093,0.0,0.0
ILB,2,flat,,,infl_up,annual,2,0.015,,,,,,,101.71325612502382,101.71325612502382,0.0,0.0
ILB,2,flat,,,infl_flat,annual,2,0.015,,,,,,,101.8485035313729,101.8485035313729,0.0,0.0
ILB,2,flat,,,infl_down,annual,2,0.015,,,,,,,102.41045802467144,102.41045802467144,0.0,0.0
ILB,2,flat,,,infl_up,annual,3,0.0,,,,,,,98.58417669405131,98.58417669405131,0.0,0.0
ILB,2,flat,,,infl_flat,annual,3,0.0,,,,,,,98.73011759631784,98.73011759631784,0.0,0.0
ILB,2,flat,,,infl_down,annual,3,0.0,,,,,,,99.26406756780341,99.26406756780341,0.0,0.0
ILB,2,flat,,,infl_up,annual,3,0.015,,,,,,,101.54615232139777,101.54615232139777,0.0,0.0
ILB,2,flat,,,infl_flat,annual,3,0.015,,,,,,,101.69720194586095,101.69720194586095,0.0,0.0
ILB,2,flat,,,infl_down,annual,3,0.015,,,,,,,102.24135487491442,102.24135487491442,0.0,0.0
ILB,5,flat,,,infl_up,continuous,0,0.0,,,,,,,98.90602787753686,98.90602787753686,0.0,0.0
ILB,5,flat,,,infl_flat,continuous,0,0.0,,,,,,,98.01664481266799,98.01664481266799,0.0,0.0
ILB,5,flat,,,infl_down,continuous,0,0.0,,,,,,,98.60570205389332,98.60570205389332,0.0,0.0
ILB,5,flat,,,infl_up,continuous,0,0.015,,,,,,,106.34509189962967,106.34509189962967,0.0,0.0
ILB,5,flat,,,infl_flat,continuous,0,0.015,,,,,,,105.4426772010679,105.4426772010679,0.0,0.0
ILB,5,flat,,,infl_down,continuous,0,0.015,,,,,,,106.07564803915132,106.07564803915132,0.0,0.0
ILB,5,flat,,,infl_up,continuous,2,0.0,,,,,,,98.54403649841196,98.54403649841196,0.0,0.0
ILB,5,flat,,,infl_flat,continuous,2,0.0,,,,,,,97.72303551238734,97.72303551238734,0.0,0.0
ILB,5,flat,,,infl_down,continuous,2,0.0,,,,,,,98.32671465019992,98.32671465019992,0.0,0.0
ILB,5,flat,,,infl_up,continuous,2,0.015,,,,,,,105.95858901011647,105.95858901011647,0.0,0.0
ILB,5,flat,,,infl_flat,continuous,2,0.015,,,,,,,105.1268231873757,105.1268231873757,0.0,0.0
ILB,5,flat,,,infl_down,continuous,2,0.015,,,,,,,105.77279563123423,105.77279563123423,0.0,0.0
ILB,5,flat,,,infl_up,continuous,3,0.0,,,,,,,98.36353793906724,98.36353793906724,0.0,0.0
ILB,5,flat,,,infl_flat,continuous,3,0.0,,,,,,,97.57656084258511,97.57656084258511,0.0,0.0
ILB,5,flat,,,infl_down,continuous,3,0.0,,,,,,,98.1875170926622,98.1875170926622,0.0,0.0
ILB,5,flat,,,infl_up,continuous,3,0.015,,,,,,,105.76586752180444,105.76586752180444,0.0,0.0
ILB,5,flat,,,infl_flat,continuous,3,0.015,,,,,,,104.96925116115905,104.96925116115905,0.0,0.0
ILB,5,flat,,,infl_down,continuous,3,0.015,,,,,,,105.6216914223844,105.6216914223844,0.0,0.0
ILB,5,flat,,,infl_up,annual,0,0.0,,,,,,,98.80864256632181,98.80864256632181,0.0,0.0
ILB,5,flat,,,infl_flat,annual,0,0.0,,,,,,,97.93809390065415,97.93809390065415,0.0,0.0
ILB,5,flat,,,infl_down,annual,0,0.0,,,,,,,98.51500742568574,98.51500742568574,0.0,0.0
ILB,5,flat,,,infl_up,annual,0,0.015,,,,,,,106.2441197392066,106.2441197392066,0.0,0.0
ILB,5,flat,,,infl_flat,annual,0,0.015,,,,,,,105.36086103370138,105.36086103370138,0.0,0.0
ILB,5,flat,,,infl_down,annual,0,0.015,,,,,,,105.98081315533572,105.98081315533572,0.0,0.0
ILB,5,flat,,,infl_up,annual,2,0.0,,,,,,,98.45092109400782,98.45092109400782,0.0,0.0
ILB,5,flat,,,infl_flat,annual,2,0.0,,,,,,,97.64732512632433,97.64732512632433,0.0,0.0
ILB,5,flat,,,infl_down,annual,2,0.0,,,,,,,98.23861603549736,98.23861603549736,0.0,0.0
ILB,5,flat,,,infl_up,annual,2,0.015,,,,,,,105.86214229961026,105.86214229961026,0.0,0.0
ILB,5,flat,,,infl_flat,annual,2,0.015,,,,,,,105.0480547781888,105.0480547781888,0.0,0.0
ILB,5,flat,,,infl_down,annual,2,0.015,,,,,,,105.68079739229658,105.68079739229658,0.0,0.0
ILB,5,flat,,,infl_up,annual,3,0.0,,,,,,,98.27254630459915,98.27254630459915,0.0,0.0
ILB,5,flat,,,infl_flat,annual,3,0.0,,,,,,,97.50226462371162,97.50226462371162,0.0,0.0
ILB,5,flat,,,infl_down,annual,3,0.0,,,,,,,98.1007112654646,98.1007112654646,0.0,0.0
ILB,5,flat,,,infl_up,annual,3,0.015,,,,,,,105.67167167771936,105.67167167771936,0.0,0.0
ILB,5,flat,,,infl_flat,annual,3,0.015,,,,,,,104.89200008232388,104.89200008232388,0.0,0.0
ILB,5,flat,,,infl_down,annual,3,0.015,,,,,,,105.53110577414961,105.53110577414961,0.0,0.0
ILB,10,flat,,,infl_up,continuous,0,0.0,,,,,,,98.90602787753689,98.90602787753689,0.0,0.0
ILB,10,flat,,,infl_flat,continuous,0,0.0,,,,,,,96.07683809844323,96.07683809844323,0.0,0.0
ILB,10,flat,,,infl_down,continuous,0,0.0,,,,,,,96.1724360172816,96.1724360172816,0.0,0.0
ILB,10,flat,,,infl_up,continuous,0,0.015,,,,,,,113.75897935916232,113.75897935916232,0.0,0.0
ILB,10,flat,,,infl_flat,continuous,0,0.015,,,,,,,110.76987702798621,110.76987702798621,0.0,0.0
ILB,10,flat,,,infl_down,continuous,0,0.015,,,,,,,110.93306319088806,110.93306319088806,0.0,0.0
ILB,10,flat,,,infl_up,continuous,2,0.0,,,,,,,98.54403649841196,98.54403649841196,0.0,0.0
ILB,10,flat,,,infl_flat,continuous,2,0.0,,,,,,,95.78903949789763,95.78903949789763,0.0,0.0
ILB,10,flat,,,infl_down,continuous,2,0.0,,,,,,,95.9003331097168,95.9003331097168,0.0,0.0
ILB,10,flat,,,infl_up,continuous,2,0.015,,,,,,,113.34534199257277,113.34534199257277,0.0,0.0
ILB,10,flat,,,infl_flat,continuous,2,0.015,,,,,,,110.43806536325805,110.43806536325805,0.0,0.0
ILB,10,flat,,,infl_down,continuous,2,0.015,,,,,,,110.61646758543151,110.61646758543151,0.0,0.0
ILB,10,flat,,,infl_up,continuous,3,0.0,,,,,,,98.36353793906724,98.36353793906724,0.0,0.0
ILB,10,flat,,,infl_flat,continuous,3,0.0,,,,,,,95.64546364745907,95.64546364745907,0.0,0.0
ILB,10,flat,,,infl_down,continuous,3,0.0,,,,,,,95.764570492371,95.764570492371,0.0,0.0
ILB,10,flat,,,infl_up,continuous,3,0.015,,,,,,,113.13909053005891,113.13909053005891,0.0,0.0
ILB,10,flat,,,infl_flat,continuous,3,0.015,,,,,,,110.27253244593855,110.27253244593855,0.0,0.0
ILB,10,flat,,,infl_down,continuous,3,0.015,,,,,,,110.45850636617575,110.45850636617575,0.0,0.0
ILB,10,flat,,,infl_up,annual,0,0.0,,,,,,,98.69094392171557,98.69094392171557,0.0,0.0
ILB,10,flat,,,infl_flat,annual,0,0.0,,,,,,,95.92307539634051,95.92307539634051,0.0,0.0
ILB,10,flat,,,infl_down,annual,0,0.0,,,,,,,96.01539773186089,96.01539773186089,0.0,0.0
ILB,10,flat,,,infl_up,annual,0,0.015,,,,,,,113.52815533594215,113.52815533594215,0.0,0.0
ILB,10,flat,,,infl_flat,annual,0,0.015,,,,,,,110.60384089779576,110.60384089779576,0.0,0.0
ILB,10,flat,,,infl_down,annual,0,0.015,,,,,,,110.76232978820413,110.76232978820413,0.0,0.0
ILB,10,flat,,,infl_up,annual,2,0.0,,,,,,,98.33364855921694,98.33364855921694,0.0,0.0
ILB,10,flat,,,infl_flat,annual,2,0.0,,,,,,,95.6382890180061,95.6382890180061,0.0,0.0
ILB,10,flat,,,infl_down,annual,2,0.0,,,,,,,95.74601918790027,95.74601918790027,0.0,0.0
ILB,10,flat,,,infl_up,annual,2,0.015,,,,,,,113.11980716732481,113.11980716732481,0.0,0.0
ILB,10,flat,,,infl_flat,annual,2,0.015,,,,,,,110.27546873969918,110.27546873969918,0.0,0.0
ILB,10,flat,,,infl_down,annual,2,0.015,,,,,,,110.44889911444324,110.44889911444324,0.0,0.0
ILB,10,flat,,,infl_up,annual,3,0.0,,,,,,,98.155486245867,98.155486245867,0.0,0.0
ILB,10,flat,,,infl_flat,annual,3,0.0,,,,,,,95.49621304965751,95.49621304965751,0.0,0.0
ILB,10,flat,,,infl_down,annual,3,0.0,,,,,,,95.61161345937404,95.61161345937404,0.0,0.0
ILB,10,flat,,,infl_up,annual,3,0.015,,,,,,,112.91618700424124,112.91618700424124,0.0,0.0
ILB,10,flat,,,infl_flat,annual,3,0.015,,,,,,,110.11164843125204,110.11164843125204,0.0,0.0
ILB,10,flat,,,infl_down,annual,3,0.015,,,,,,,110.29251416125123,110.29251416125123,0.0,0.0
ILB,2,upward,,,infl_up,continuous,0,0.0,,,,,,,98.51119396030627,98.51119396030627,0.0,0.0
ILB,2,upward,,,infl_flat,continuous,0,0.0,,,,,,,98.60975442628619,98.60975442628619,0.0,0.0
ILB,2,upward,,,infl_down,continuous,0,0.0,,,,,,,99.20319148370606,99.20319148370606,0.0,0.0
ILB,2,upward,,,infl_up,continuous,0,0.015,,,,,,,101.48118422261413,101.48118422261413,0.0,0.0
ILB,2,upward,,,infl_flat,continuous,0,0.015,,,,,,,101.58532461264618,101.58532461264618,0.0,0.0
ILB,2,upward,,,infl_down,continuous,0,0.015,,,,,,,102.19142691011933,102.19142691011933,0.0,0.0
ILB,2,upward,,,infl_up,continuous,2,0.0,,,,,,,98.18336999059542,98.18336999059542,0.0,0.0
ILB,2,upward,,,infl_flat,continuous,2,0.0,,,,,,,98.31436846349098,98.31436846349098,0.0,0.0
ILB,2,upward,,,infl_down,continuous,2,0.0,,,,,,,98.87306469574655,98.87306469574655,0.0,0.0
ILB,2,upward,,,infl_up,continuous,2,0.015,,,,,,,101.1447138205813,101.1447138205813,0.0,0.0
ILB,2,upward,,,infl_flat,continuous,2,0.015,,,,,,,101.2810253159777,101.2810253159777,0.0,0.0
ILB,2,upward,,,infl_down,continuous,2,0.015,,,,,,,101.8508587830642,101.8508587830642,0.0,0.0
ILB,2,upward,,,infl_up,continuous,3,0.0,,,,,,,98.01986733067554,98.01986733067554,0.0,0.0
ILB,2,upward,,,infl_flat,continuous,3,0.0,,,,,,,98.16700745917913,98.16700745917913,0.0,0.0
ILB,2,upward,,,infl_down,continuous,3,0.0,,,,,,,98.70841350202876,98.70841350202876,0.0,0.0
ILB,2,upward,,,infl_up,continuous,3,0.015,,,,,,,100.97689758112381,100.97689758112381,0.0,0.0
ILB,2,upward,,,infl_flat,continuous,3,0.015,,,,,,,101.12921766220796,101.12921766220796,0.0,0.0
ILB,2,upward,,,infl_down,continuous,3,0.015,,,,,,,101.68100064008787,101.68100064008787,0.0,0.0
ILB,2,upward,,,infl_up,annual,0,0.0,,,,,,,98.48078231855891,98.48078231855891,0.0,0.0
ILB,2,upward,,,infl_flat,annual,0,0.0,,,,,,,98.5781882116278,98.5781882116278,0.0,0.0
ILB,2,upward,,,infl_down,annual,0,0.0,,,,,,,99.15996012765243,99.15996012765243,0.0,0.0
ILB,2,upward,,,infl_up,annual,0,0.015,,,,,,,101.45026416000789,101.45026416000789,0.0,0.0
ILB,2,upward,,,infl_flat,annual,0,0.015,,,,,,,101.55316383711991,101.55316383711991,0.0,0.0
ILB,2,upward,,,infl_down,annual,0,0.015,,,,,,,102.1473513794335,102.1473513794335,0.0,0.0
ILB,2,upward,,,infl_up,annual,2,0.0,,,,,,,98.15628839445338,98.15628839445338,0.0,0.0
ILB,2,upward,,,infl_flat,annual,2,0.0,,,,,,,98.28551905889724,98.28551905889724,0.0,0.0
ILB,2,upward,,,infl_down,annual,2,0.0,,,,,,,98.83322831441515,98.83322831441515,0.0,0.0
ILB,2,upward,,,infl_up,annual,2,0.015,,,,,,,101.1172015105118,101.1172015105118,0.0,0.0
ILB,2,upward,,,infl_flat,annual,2,0.015,,,,,,,101.25166226809621,101.25166226809621,0.0,0.0
ILB,2,upward,,,infl_down,annual,2,0.015,,,,,,,101.81028927696836,101.81028927696836,0.0,0.0
ILB,2,upward,,,infl_up,annual,3,0.0,,,,,,,97.9944426053543,97.9944426053543,0.0,0.0
ILB,2,upward,,,infl_flat,annual,3,0.0,,,,,,,98.13951048389747,98.13951048389747,0.0,0.0
ILB,2,upward,,,infl_down,annual,3,0.0,,,,,,,98.67026634746021,98.67026634746021,0.0,0.0
ILB,2,upward,,,infl_up,annual,3,0.015,,,,,,,100.9510808213112,100.9510808213112,0.0,0.0
ILB,2,upward,,,infl_flat,annual,3,0.015,,,,,,,101.10124732329378,101.10124732329378,0.0,0.0
ILB,2,upward,,,infl_down,annual,3,0.015,,,,,,,101.64217559848703,101.64217559848703,0.0,0.0
ILB,5,upward,,,infl_up,continuous,0,0.0,,,,,,,94.2590552199081,94.2590552199081,0.0,0.0
ILB,5,upward,,,infl_flat,continuous,0,0.0,,,,,,,93.41145867577305,93.41145867577305,0.0,0.0
ILB,5,upward,,,infl_down,continuous,0,0.0,,,,,,,93.9728398192671,93.9728398192671,0.0,0.0
ILB,5,upward,,,infl_up,continuous,0,0.015,,,,,,,101.563590371309,101.563590371309,0.0,0.0
ILB,5,upward,,,infl_flat,continuous,0,0.015,,,,,,,100.70366811198363,100.70366811198363,0.0,0.0
ILB,5,upward,,,infl_down,continuous,0,0.015,,,,,,,101.30805446370071,101.30805446370071,0.0,0.0
ILB,5,upward,,,infl_up,continuous,2,0.0,,,,,,,93.91407154068976,93.91407154068976,0.0,0.0
ILB,5,upward,,,infl_flat,continuous,2,0.0,,,,,,,93.13164423127328,93.13164423127328,0.0,0.0
ILB,5,upward,,,infl_down,continuous,2,0.0,,,,,,,93.7069602803278,93.7069602803278,0.0,0.0
ILB,5,upward,,,infl_up,continuous,2,0.015,,,,,,,101.19457927445312,101.19457927445312,0.0,0.0
ILB,5,upward,,,infl_flat,continuous,2,0.015,,,,,,,100.40200982132735,100.40200982132735,0.0,0.0
ILB,5,upward,,,infl_down,continuous,2,0.015,,,,,,,101.01870431712658,101.01870431712658,0.0,0.0
ILB,5,upward,,,infl_up,continuous,3,0.0,,,,,,,93.74205347427369,93.74205347427369,0.0,0.0
ILB,5,upward,,,infl_flat,continuous,3,0.0,,,,,,,92.99205148565922,92.99205148565922,0.0,0.0
ILB,5,upward,,,infl_down,continuous,3,0.0,,,,,,,93.57430274120725,93.57430274120725,0.0,0.0
ILB,5,upward,,,infl_up,continuous,3,0.015,,,,,,,101.01057963519543,101.01057963519543,0.0,0.0
ILB,5,upward,,,infl_flat,continuous,3,0.015,,,,,,,100.25151970240144,100.25151970240144,0.0,0.0
ILB,5,upward,,,infl_down,continuous,3,0.015,,,,,,,100.87433694441226,100.87433694441226,0.0,0.0
ILB,5,upward,,,infl_up,annual,0,0.0,,,,,,,94.16624543243192,94.16624543243192,0.0,0.0
ILB,5,upward,,,infl_flat,annual,0,0.0,,,,,,,93.33659837744771,93.33659837744771,0.0,0.0
ILB,5,upward,,,infl_down,annual,0,0.0,,,,,,,93.88640636165263,93.88640636165263,0.0,0.0
ILB,5,upward,,,infl_up,annual,0,0.015,,,,,,,101.4672953603345,101.4672953603345,0.0,0.0
ILB,5,upward,,,infl_flat,annual,0,0.015,,,,,,,100.62562892300654,100.62562892300654,0.0,0.0
ILB,5,upward,,,infl_down,annual,0,0.015,,,,,,,101.21758540927092,101.21758540927092,0.0,0.0
ILB,5,upward,,,infl_up,annual,2,0.0,,,,,,,93.82533104393843,93.82533104393843,0.0,0.0
ILB,5,upward,,,infl_flat,annual,2,0.0,,,,,,,93.05949100043613,93.05949100043613,0.0,0.0
ILB,5,upward,,,infl_down,annual,2,0.0,,,,,,,93.62300086585888,93.62300086585888,0.0,0.0
ILB,5,upward,,,infl_up,annual,2,0.015,,,,,,,101.1026035769451,101.1026035769451,0.0,0.0
ILB,5,upward,,,infl_flat,annual,2,0.015,,,,,,,100.3268811158684,100.3268811158684,0.0,0.0
ILB,5,upward,,,infl_down,annual,2,0.015,,,,,,,100.93094619796494,100.93094619796494,0.0,0.0
ILB,5,upward,,,infl_up,annual,3,0.0,,,,,,,93.65533696485632,93.65533696485632,0.0,0.0
ILB,5,upward,,,infl_flat,annual,3,0.0,,,,,,,92.92124597918294,92.92124597918294,0.0,0.0
ILB,5,upward,,,infl_down,annual,3,0.0,,,,,,,93.49157537428316,93.49157537428316,0.0,0.0
ILB,5,upward,,,infl_up,annual,3,0.015,,,,,,,100.92075227645053,100.92075227645053,0.0,0.0
ILB,5,upward,,,infl_flat,annual,3,0.015,,,,,,,100.17783998461975,100.17783998461975,0.0,0.0
ILB,5,upward,,,infl_down,annual,3,0.015,,,,,,,100.78792881326231,100.78792881326231,0.0,0.0
ILB,10,upward,,,infl_up,continuous,0,0.0,,,,,,,87.4518183442496,87.4518183442496,0.0,0.0
ILB,10,upward,,,infl_flat,continuous,0,0.0,,,,,,,84.9502742429229,84.9502742429229,0.0,0.0
ILB,10,upward,,,infl_down,continuous,0,0.0,,,,,,,85.03480106107288,85.03480106107288,0.0,0.0
ILB,10,upward,,,infl_up,continuous,0,0.015,,,,,,,101.53810622727218,101.53810622727218,0.0,0.0
ILB,10,upward,,,infl_flat,continuous,0,0.015,,,,,,,98.89070062053408,98.89070062053408,0.0,0.0
ILB,10,upward,,,infl_down,continuous,0,0.015,,,,,,,99.04009744035453,99.04009744035453,0.0,0.0
ILB,10,upward,,,infl_up,continuous,2,0.0,,,,,,,87.13174882969368,87.13174882969368,0.0,0.0
ILB,10,upward,,,infl_flat,continuous,2,0.0,,,,,,,84.69580531443853,84.69580531443853,0.0,0.0
ILB,10,upward,,,infl_down,continuous,2,0.0,,,,,,,84.79421012284654,84.79421012284654,0.0,0.0
ILB,10,upward,,,infl_up,continuous,2,0.015,,,,,,,101.16918840117684,101.16918840117684,0.0,0.0
ILB,10,upward,,,infl_flat,continuous,2,0.015,,,,,,,98.59447308215067,98.59447308215067,0.0,0.0
ILB,10,upward,,,infl_down,continuous,2,0.015,,,,,,,98.75716407727721,98.75716407727721,0.0,0.0
ILB,10,upward,,,infl_up,continuous,3,0.0,,,,,,,86.9721536304733,86.9721536304733,0.0,0.0
ILB,10,upward,,,infl_flat,continuous,3,0.0,,,,,,,84.56885684162431,84.56885684162431,0.0,0.0
ILB,10,upward,,,infl_down,continuous,3,0.0,,,,,,,84.67417004030712,84.67417004030712,0.0,0.0
ILB,10,upward,,,infl_up,continuous,3,0.015,,,,,,,100.9852352692088,100.9852352692088,0.0,0.0
ILB,10,upward,,,infl_flat,continuous,3,0.015,,,,,,,98.44669223587105,98.44669223587105,0.0,0.0
ILB,10,upward,,,infl_down,continuous,3,0.015,,,,,,,98.61599828491447,98.61599828491447,0.0,0.0
ILB,10,upward,,,infl_up,annual,0,0.0,,,,,,,87.26164304920553,87.26164304920553,0.0,0.0
ILB,10,upward,,,infl_flat,annual,0,0.0,,,,,,,84.81431864768803,84.81431864768803,0.0,0.0
ILB,10,upward,,,infl_down,annual,0,0.0,,,,,,,84.89594922459322,84.89594922459322,0.0,0.0
ILB,10,upward,,,infl_up,annual,0,0.015,,,,,,,101.33337861042841,101.33337861042841,0.0,0.0
ILB,10,upward,,,infl_flat,annual,0,0.015,,,,,,,98.74335785060592,98.74335785060592,0.0,0.0
ILB,10,upward,,,infl_down,annual,0,0.015,,,,,,,98.88849788033296,98.88849788033296,0.0,0.0
ILB,10,upward,,,infl_up,annual,2,0.0,,,,,,,86.94572571022229,86.94572571022229,0.0,0.0
ILB,10,upward,,,infl_flat,annual,2,0.0,,,,,,,84.56251309893165,84.56251309893165,0.0,0.0
ILB,10,upward,,,infl_down,annual,2,0.0,,,,,,,84.6577671441092,84.6577671441092,0.0,0.0
ILB,10,upward,,,infl_up,annual,2,0.015,,,,,,,100.96917165200675,100.96917165200675,0.0,0.0
ILB,10,upward,,,infl_flat,annual,2,0.015,,,,,,,98.45019832511467,98.45019832511467,0.0,0.0
ILB,10,upward,,,infl_down,annual,2,0.015,,,,,,,98.60839310227541,98.60839310227541,0.0,0.0
ILB,10,upward,,,infl_up,annual,3,0.0,,,,,,,86.78819619865236,86.78819619865236,0.0,0.0
ILB,10,upward,,,infl_flat,annual,3,0.0,,,,,,,84.43689080834196,84.43689080834196,0.0,0.0
ILB,10,upward,,,infl_down,annual,3,0.0,,,,,,,84.53892681043354,84.53892681043354,0.0,0.0
ILB,10,upward,,,infl_up,annual,3,0.015,,,,,,,100.78756210538552,100.78756210538552,0.0,0.0
ILB,10,upward,,,infl_flat,annual,3,0.015,,,,,,,98.30394510995608,98.30394510995608,0.0,0.0
ILB,10,upward,,,infl_down,annual,3,0.015,,,,,,,98.46863605615935,98.46863605615935,0.0,0.0
ILB,2,downward,,,infl_up,continuous,0,0.0,,,,,,,99.10403787728838,99.10403787728838,0.0,0.0
ILB,2,downward,,,infl_flat,continuous,0,0.0,,,,,,,99.20319148370606,99.20319148370606,0.0,0.0
ILB,2,downward,,,infl_down,continuous,0,0.0,,,,,,,99.80019986673331,99.80019986673331,0.0,0.0
ILB,2,downward,,,infl_up,continuous,0,0.015,,,,,,,102.07492646682299,102.07492646682299,0.0,0.0
ILB,2,downward,,,infl_flat,continuous,0,0.015,,,,,,,102.17965717585423,102.17965717585423,0.0,0.0
ILB,2,downward,,,infl_down,continuous,0,0.015,,,,,,,102.78934907985148,102.78934907985148,0.0,0.0
ILB,2,downward,,,infl_up,continuous,2,0.0,,,,,,,98.77424105110842,98.77424105110842,0.0,0.0
ILB,2,downward,,,infl_flat,continuous,2,0.0,,,,,,,98.90602787753689,98.90602787753689,0.0,0.0
ILB,2,downward,,,infl_down,continuous,2,0.0,,,,,,,99.46808636386143,99.46808636386143,0.0,0.0
ILB,2,downward,,,infl_up,continuous,2,0.015,,,,,,,101.7364768140963,101.7364768140963,0.0,0.0
ILB,2,downward,,,infl_flat,continuous,2,0.015,,,,,,,101.87357755332016,101.87357755332016,0.0,0.0
ILB,2,downward,,,infl_down,continuous,2,0.015,,,,,,,102.44679256464153,102.44679256464153,0.0,0.0
ILB,2,downward,,,infl_up,continuous,3,0.0,,,,,,,98.6097544262862,98.6097544262862,0.0,0.0
ILB,2,downward,,,infl_flat,continuous,3,0.0,,,,,,,98.75778004938813,98.75778004938813,0.0,0.0
ILB,2,downward,,,infl_down,continuous,3,0.0,,,,,,,99.30244429332352,99.30244429332352,0.0,0.0
ILB,2,downward,,,infl_up,continuous,3,0.015,,,,,,,101.56767342379914,101.56767342379914,0.0,0.0
ILB,2,downward,,,infl_flat,continuous,3,0.015,,,,,,,101.7208817374825,101.7208817374825,0.0,0.0
ILB,2,downward,,,infl_down,continuous,3,0.015,,,,,,,102.27594270843383,102.27594270843383,0.0,0.0
ILB,2,downward,,,infl_up,annual,0,0.0,,,,,,,99.0734432171845,99.0734432171845,0.0,0.0
ILB,2,downward,,,infl_flat,annual,0,0.0,,,,,,,99.17143530242977,99.17143530242977,0.0,0.0
ILB,2,downward,,,infl_down,annual,0,0.0,,,,,,,99.75670834282027,99.75670834282027,0.0,0.0
ILB,2,downward,,,infl_up,annual,0,0.015,,,,,,,102.04382221248827,102.04382221248827,0.0,0.0
ILB,2,downward,,,infl_flat,annual,0,0.015,,,,,,,102.14730532809094,102.14730532809094,0.0,0.0
ILB,2,downward,,,infl_down,annual,0,0.015,,,,,,,102.74501191733886,102.74501191733886,0.0,0.0
ILB,2,downward,,,infl_up,annual,2,0.0,,,,,,,98.74699647694439,98.74699647694439,0.0,0.0
ILB,2,downward,,,infl_flat,annual,2,0.0,,,,,,,98.87700485618616,98.87700485618616,0.0,0.0
ILB,2,downward,,,infl_down,annual,2,0.0,,,,,,,99.42801024575093,99.42801024575093,0.0,0.0
ILB,2,downward,,,infl_up,annual,2,0.015,,,,,,,101.70880044467275,101.70880044467275,0.0,0.0
ILB,2,downward,,,infl_flat,annual,2,0.015,,,,,,,101.84403981016618,101.84403981016618,0.0,0.0
ILB,2,downward,,,infl_down,annual,2,0.015,,,,,,,102.40598186428394,102.40598186428394,0.0,0.0
ILB,2,downward,,,infl_up,annual,3,0.0,,,,,,,98.58417669405131,98.58417669405131,0.0,0.0
ILB,2,downward,,,infl_flat,annual,3,0.0,,,,,,,98.73011759631784,98.73011759631784,0.0,0.0
ILB,2,downward,,,infl_down,annual,3,0.0,,,,,,,99.26406756780341,99.26406756780341,0.0,0.0
ILB,2,downward,,,infl_up,annual,3,0.015,,,,,,,101.54170262148992,101.54170262148992,0.0,0.0
ILB,2,downward,,,infl_flat,annual,3,0.015,,,,,,,101.692744855759,101.692744855759,0.0,0.0
ILB,2,downward,,,infl_down,annual,3,0.015,,,,,,,102.23688664167138,102.23688664167138,0.0,0.0
ILB,5,downward,,,infl_up,continuous,0,0.0,,,,,,,101.11272053354719,101.11272053354719,0.0,0.0
ILB,5,downward,,,infl_flat,continuous,0,0.0,,,,,,,100.2034944407078,100.2034944407078,0.0,0.0
ILB,5,downward,,,infl_down,continuous,0,0.0,,,,,,,100.80569413963845,100.80569413963845,0.0,0.0
ILB,5,downward,,,infl_up,continuous,0,0.015,,,,,,,108.60184566852801,108.60184566852801,0.0,0.0
ILB,5,downward,,,infl_flat,continuous,0,0.015,,,,,,,107.67925457798879,107.67925457798879,0.0,0.0
ILB,5,downward,,,infl_down,continuous,0,0.015,,,,,,,108.32571794021256,108.32571794021256,0.0,0.0
ILB,5,downward,,,infl_up,continuous,2,0.0,,,,,,,100.74265276378163,100.74265276378163,0.0,0.0
ILB,5,downward,,,infl_flat,continuous,2,0.0,,,,,,,99.90333442253292,99.90333442253292,0.0,0.0
ILB,5,downward,,,infl_down,continuous,2,0.0,,,,,,,100.52048224722519,100.52048224722519,0.0,0.0
ILB,5,downward,,,infl_up,continuous,2,0.015,,,,,,,108.20708098777133,108.20708098777133,0.0,0.0
ILB,5,downward,,,infl_flat,continuous,2,0.015,,,,,,,107.35670088670697,107.35670088670697,0.0,0.0
ILB,5,downward,,,infl_down,continuous,2,0.015,,,,,,,108.01649955931535,108.01649955931535,0.0,0.0
ILB,5,downward,,,infl_up,continuous,3,0.0,,,,,,,100.55812710059023,100.55812710059023,0.0,0.0
ILB,5,downward,,,infl_flat,continuous,3,0.0,,,,,,,99.75359175597578,99.75359175597578,0.0,0.0
ILB,5,downward,,,infl_down,continuous,3,0.0,,,,,,,100.37817905260403,100.37817905260403,0.0,0.0
ILB,5,downward,,,infl_up,continuous,3,0.015,,,,,,,108.01023996361005,108.01023996361005,0.0,0.0
ILB,5,downward,,,infl_flat,continuous,3,0.015,,,,,,,107.1957865512999,107.1957865512999,0.0,0.0
ILB,5,downward,,,infl_down,continuous,3,0.015,,,,,,,107.86221910242962,107.86221910242962,0.0,0.0
ILB,5,downward,,,infl_up,annual,0,0.0,,,,,,,101.0131624583897,101.0131624583897,0.0,0.0
ILB,5,downward,,,infl_flat,annual,0,0.0,,,,,,,100.12319097908316,100.12319097908316,0.0,0.0
ILB,5,downward,,,infl_down,annual,0,0.0,,,,,,,100.71297602333514,100.71297602333514,0.0,0.0
ILB,5,downward,,,infl_up,annual,0,0.015,,,,,,,108.49865761223583,108.49865761223583,0.0,0.0
ILB,5,downward,,,infl_flat,annual,0,0.015,,,,,,,107.59564983025375,107.59564983025375,0.0,0.0
ILB,5,downward,,,infl_down,annual,0,0.015,,,,,,,108.22881645748608,108.22881645748608,0.0,0.0
ILB,5,downward,,,infl_up,annual,2,0.0,,,,,,,100.6474598613375,100.6474598613375,0.0,0.0
ILB,5,downward,,,infl_flat,annual,2,0.0,,,,,,,99.82593486184129,99.82593486184129,0.0,0.0
ILB,5,downward,,,infl_down,annual,2,0.0,,,,,,,100.43041806409127,100.43041806409127,0.0,0.0
ILB,5,downward,,,infl_up,annual,2,0.015,,,,,,,108.10851582100571,108.10851582100571,0.0,0.0
ILB,5,downward,,,infl_flat,annual,2,0.015,,,,,,,107.27620870190079,107.27620870190079,0.0,0.0
ILB,5,downward,,,infl_down,annual,2,0.015,,,,,,,107.92249394613316,107.92249394613316,0.0,0.0
ILB,5,downward,,,infl_up,annual,3,0.0,,,,,,,100.46510535151891,100.46510535151891,0.0,0.0
ILB,5,downward,,,infl_flat,annual,3,0.0,,,,,,,99.67763791396168,99.67763791396168,0.0,0.0
ILB,5,downward,,,infl_down,annual,3,0.0,,,,,,,100.28943650036058,100.28943650036058,0.0,0.0
ILB,5,downward,,,infl_up,annual,3,0.015,,,,,,,107.913974127563,107.913974127563,0.0,0.0
ILB,5,downward,,,infl_flat,annual,3,0.015,,,,,,,107.11684396013698,107.11684396013698,0.0,0.0
ILB,5,downward,,,infl_down,annual,3,0.015,,,,,,,107.76965557356966,107.76965557356966,0.0,0.0
ILB,10,downward,,,infl_up,continuous,0,0.0,,,,,,,105.23690235169894,105.23690235169894,0.0,0.0
ILB,10,downward,,,infl_flat,continuous,0,0.0,,,,,,,102.22661900591993,102.22661900591993,0.0,0.0
ILB,10,downward,,,infl_down,continuous,0,0.0,,,,,,,102.32833605052996,102.32833605052996,0.0,0.0
ILB,10,downward,,,infl_up,continuous,0,0.015,,,,,,,120.47433741861632,120.47433741861632,0.0,0.0
ILB,10,downward,,,infl_flat,continuous,0,0.015,,,,,,,117.29668211314869,117.29668211314869,0.0,0.0
ILB,10,downward,,,infl_down,continuous,0,0.015,,,,,,,117.46727818888164,117.46727818888164,0.0,0.0
ILB,10,downward,,,infl_up,continuous,2,0.0,,,,,,,104.8517402717467,104.8517402717467,0.0,0.0
ILB,10,downward,,,infl_flat,continuous,2,0.0,,,,,,,101.92039870901273,101.92039870901273,0.0,0.0
ILB,10,downward,,,infl_down,continuous,2,0.0,,,,,,,102.03881611198318,102.03881611198318,0.0,0.0
ILB,10,downward,,,infl_up,continuous,2,0.015,,,,,,,120.03611998018154,120.03611998018154,0.0,0.0
ILB,10,downward,,,infl_flat,continuous,2,0.015,,,,,,,116.94531937443934,116.94531937443934,0.0,0.0
ILB,10,downward,,,infl_down,continuous,2,0.015,,,,,,,117.13219537919012,117.13219537919012,0.0,0.0
ILB,10,downward,,,infl_up,continuous,3,0.0,,,,,,,104.65968818278908,104.65968818278908,0.0,0.0
ILB,10,downward,,,infl_flat,continuous,3,0.0,,,,,,,101.767632714089,101.767632714089,0.0,0.0
ILB,10,downward,,,infl_down,continuous,3,0.0,,,,,,,101.89436346727359,101.89436346727359,0.0,0.0
ILB,10,downward,,,infl_up,continuous,3,0.015,,,,,,,119.81761225174844,119.81761225174844,0.0,0.0
ILB,10,downward,,,infl_flat,continuous,3,0.015,,,,,,,116.77003289310487,116.77003289310487,0.0,0.0
ILB,10,downward,,,infl_down,continuous,3,0.015,,,,,,,116.96501016292241,116.96501016292241,0.0,0.0
ILB,10,downward,,,infl_up,annual,0,0.0,,,,,,,105.00805109013368,105.00805109013368,0.0,0.0
ILB,10,downward,,,infl_flat,annual,0,0.0,,,,,,,102.0630141092947,102.0630141092947,0.0,0.0
ILB,10,downward,,,infl_down,annual,0,0.0,,,,,,,102.16124590382262,102.16124590382262,0.0,0.0
ILB,10,downward,,,infl_up,annual,0,0.015,,,,,,,120.2291243522766,120.2291243522766,0.0,0.0
ILB,10,downward,,,infl_flat,annual,0,0.015,,,,,,,117.12034203239922,117.12034203239922,0.0,0.0
ILB,10,downward,,,infl_down,annual,0,0.015,,,,,,,117.28600172432368,117.28600172432368,0.0,0.0
ILB,10,downward,,,infl_up,annual,2,0.0,,,,,,,104.62788561406643,104.62788561406643,0.0,0.0
ILB,10,downward,,,infl_flat,annual,2,0.0,,,,,,,101.7599988438856,101.7599988438856,0.0,0.0
ILB,10,downward,,,infl_down,annual,2,0.0,,,,,,,101.87462471262964,101.87462471262964,0.0,0.0
ILB,10,downward,,,infl_up,annual,2,0.015,,,,,,,119.796514212892,119.796514212892,0.0,0.0
ILB,10,downward,,,infl_flat,annual,2,0.015,,,,,,,116.77262300964189,116.77262300964189,0.0,0.0
ILB,10,downward,,,infl_down,annual,2,0.015,,,,,,,116.95426858678789,116.95426858678789,0.0,0.0
ILB,10,downward,,,infl_up,annual,3,0.0,,,,,,,104.43831931183887,104.43831931183887,0.0,0.0
ILB,10,downward,,,infl_flat,annual,3,0.0,,,,,,,101.60882873698235,101.60882873698235,0.0,0.0
ILB,10,downward,,,infl_down,annual,3,0.0,,,,,,,101.73161580981598,101.73161580981598,0.0,0.0
ILB,10,downward,,,infl_up,annual,3,0.015,,,,,,,119.58079603650125,119.58079603650125,0.0,0.0
ILB,10,downward,,,infl_flat,annual,3,0.015,,,,,,,116.59915081915157,116.59915081915157,0.0,0.0
ILB,10,downward,,,infl_down,annual,3,0.015,,,,,,,116.78875164794292,116.78875164794292,0.0,0.0
CALLABLE,5,flat,,,,,,,64,"(0.01, 0.003, 0.015, 0.006, -0.75)",,,,,104.18834072944861,104.41045395734666,-0.2221132278980491,-21.27308324785044
CALLABLE,5,flat,,,,,,,64,"(0.01, 0.003, 0.015, 0.006, -0.75)",,,,,104.55919200767957,104.64473859373618,-0.08554658605660848,-8.174953390511801
CALLABLE,10,flat,,,,,,,64,"(0.01, 0.003, 0.015, 0.006, -0.75)",,,,,104.13674263389636,104.41045395734666,-0.2737113234502999,-26.21493471928734
CALLABLE,10,flat,,,,,,,64,"(0.01, 0.003, 0.015, 0.006, -0.75)",,,,,104.46764533325215,104.64473859373618,-0.1770932604840283,-16.923283756439975
CALLABLE,5,upward,,,,,,,64,"(0.01, 0.003, 0.015, 0.006, -0.75)",,,,,101.52037147859255,101.55674238560877,-0.036370907016220144,-3.5813384874162852
CALLABLE,5,upward,,,,,,,64,"(0.01, 0.003, 0.015, 0.006, -0.75)",,,,,101.54964063430276,101.55674238560877,-0.007101751306009874,-0.6992890023042169
CALLABLE,10,upward,,,,,,,64,"(0.01, 0.003, 0.015, 0.006, -0.75)",,,,,99.91604295243036,100.64470596828488,-0.7286630158545222,-72.39953744652384
CALLABLE,10,upward,,,,,,,64,"(0.01, 0.003, 0.015, 0.006, -0.75)",,,,,99.7510858666328,100.64470596828488,-0.8936201016520755,-88.78957845370155
CALLABLE,5,downward,,,,,,,64,"(0.01, 0.003, 0.015, 0.006, -0.75)",,,,,104.32968694178376,104.4001770631446,-0.07049012136083377,-6.751915882115705
CALLABLE,5,downward,,,,,,,64,"(0.01, 0.003, 0.015, 0.006, -0.75)",,,,,105.15596810854095,105.21958066647491,-0.06361255793396481,-6.045695823062053
CALLABLE,10,downward,,,,,,,64,"(0.01, 0.003, 0.015, 0.006, -0.75)",,,,,104.25602244207272,104.4001770631446,-0.14415462107187693,-13.807890477492922
CALLABLE,10,downward,,,,,,,64,"(0.01, 0.003, 0.015, 0.006, -0.75)",,,,,105.063666515847,105.21958066647491,-0.1559141506279076,-14.817978710837515
CONVERTIBLE,5,flat,,,,,,,,,90.0,0.2,0.0,0.001,114.36037548210705,115.62212886892756,-1.2617533868205157,-109.12732702326164
CONVERTIBLE,5,flat,,,,,,,,,90.0,0.2,0.0,0.003,113.71146737899531,114.68320516253286,-0.9717377835375487,-84.73235310788267
CONVERTIBLE,5,flat,,,,,,,,,90.0,0.2,0.01,0.001,111.88490849718455,113.11332424695827,-1.228415749773717,-108.60044631804287
CONVERTIBLE,5,flat,,,,,,,,,90.0,0.2,0.01,0.003,111.20190659761403,112.17440054056357,-0.9724939429495407,-86.69481969710867
CONVERTIBLE,5,flat,,,,,,,,,90.0,0.3,0.0,0.001,122.20662709187079,123.32465995482183,-1.1180328629510399,-90.65768868615692
CONVERTIBLE,5,flat,,,,,,,,,90.0,0.3,0.0,0.003,121.55990962379276,122.38573624842712,-0.8258266246343595,-67.477358877675
CONVERTIBLE,5,flat,,,,,,,,,90.0,0.3,0.01,0.001,119.5026334060226,120.60009058833658,-1.0974571823139883,-90.99969800687073
CONVERTIBLE,5,flat,,,,,,,,,90.0,0.3,0.01,0.003,118.83370784878794,119.66116688194188,-0.8274590331539429,-69.15017250085124
CONVERTIBLE,5,flat,,,,,,,,,100.0,0.2,0.0,0.001,120.726236952292,122.00300624087976,-1.276769288587758,-104.65064164623419
CONVERTIBLE,5,flat,,,,,,,,,100.0,0.2,0.0,0.003,120.16073962353383,121.06408253448505,-0.9033429109512241,-74.61692122384088
CONVERTIBLE,5,flat,,,,,,,,,100.0,0.2,0.01,0.001,117.53252665428037,118.77769178418588,-1.2451651299055015,-104.83156485040261
CONVERTIBLE,5,flat,,,,,,,,,100.0,0.2,0.01,0.003,116.92909909518295,117.83876807779117,-0.909668982608224,-77.19607031259075
CONVERTIBLE,5,flat,,,,,,,,,100.0,0.3,0.0,0.001,128.6612597139542,129.95997009583317,-1.2987103818789762,-99.9315697688527
CONVERTIBLE,5,flat,,,,,,,,,100.0,0.3,0.0,0.003,127.99211375620732,129.02104638943845,-1.0289326332311362,-79.7492085225689
CONVERTIBLE,5,flat,,,,,,,,,100.0,0.3,0.01,0.001,125.37465573613795,126.64897851477795,-1.2743227786399984,-100.61848058974317
CONVERTIBLE,5,flat,,,,,,,,,100.0,0.3,0.01,0.003,124.68418288065581,125.71005480838325,-1.0258719277274366,-81.6061952475598
CONVERTIBLE,5,flat,,,,,,,,,110.0,0.2,0.0,0.001,127.92772588787363,129.1830905349966,-1.255364647122974,-97.1771647453261
CONVERTIBLE,5,flat,,,,,,,,,110.0,0.2,0.0,0.003,127.45321752198251,128.24416682860192,-0.7909493066194102,-61.67526572000054
CONVERTIBLE,5,flat,,,,,,,,,110.0,0.2,0.01,0.001,124.01279189082507,125.23747131695005,-1.224679426124979,-97.78857823035803
CONVERTIBLE,5,flat,,,,,,,,,110.0,0.2,0.01,0.003,123.4984414494128,124.29854761055535,-0.8001061611425513,-64.36971119319875
CONVERTIBLE,5,flat,,,,,,,,,110.0,0.3,0.0,0.001,135.96420956363227,137.12102697702863,-1.156817413396368,-84.36469875551364
CONVERTIBLE,5,flat,,,,,,,,,110.0,0.3,0.0,0.003,135.38906072538677,136.18210327063392,-0.7930425452471468,-58.23397687368199
CONVERTIBLE,5,flat,,,,,,,,,110.0,0.3,0.01,0.001,132.08090100464196,133.21527952725907,-1.1343785226171121,-85.1537846591382
CONVERTIBLE,5,flat,,,,,,,,,110.0,0.3,0.01,0.003,131.481488114366,132.27635582086435,-0.7948677064983656,-60.09144276508627
CONVERTIBLE,7,flat,,,,,,,,,90.0,0.2,0.0,0.001,118.42309516228046,119.51834694799113,-1.0952517857106727,-91.63879970556115
CONVERTIBLE,7,flat,,,,,,,,,90.0,0.2,0.0,0.003,117.66403191077461,118.2404116900258,-0.5763797792511838,-48.74642865437557
CONVERTIBLE,7,flat,,,,,,,,,90.0,0.2,0.01,0.001,114.70871756091515,115.77867447477274,-1.0699569138575953,-92.4139889069753
CONVERTIBLE,7,flat,,,,,,,,,90.0,0.2,0.01,0.003,113.88898690945828,114.5007392168074,-0.6117523073491213,-53.42780418131336
CONVERTIBLE,7,flat,,,,,,,,,90.0,0.3,0.0,0.001,127.23953938833587,128.26653129819027,-1.0269919098544023,-80.06702133909597
CONVERTIBLE,7,flat,,,,,,,,,90.0,0.3,0.0,0.003,126.31557183354414,126.98859604022493,-0.6730242066807932,-52.998791046371274
CONVERTIBLE,7,flat,,,,,,,,,90.0,0.3,0.01,0.001,123.23341624501435,124.24521646710241,-1.0118002220880555,-81.43574866368874
CONVERTIBLE,7,flat,,,,,,,,,90.0,0.3,0.01,0.003,122.27669624412377,122.96728120913707,-0.6905849650133007,-56.160058043308744
CONVERTIBLE,7,flat,,,,,,,,,100.0,0.2,0.0,0.001,125.08276969680134,126.28044203071279,-1.1976723339114557,-94.84226651821258
CONVERTIBLE,7,flat,,,,,,,,,100.0,0.2,0.0,0.003,124.29525870960697,125.00250677274745,-0.7072480631404829,-56.57871041148387
CONVERTIBLE,7,flat,,,,,,,,,100.0,0.2,0.01,0.001,120.45713147339072,121.62864196492535,-1.171510491534633,-96.31863618706417
CONVERTIBLE,7,flat,,,,,,,,,100.0,0.2,0.01,0.003,119.61011510109759,120.35070670696001,-0.74059160586242,-61.536124392329036
CONVERTIBLE,7,flat,,,,,,,,,100.0,0.3,0.0,0.001,134.02379429575365,135.26991391159845,-1.2461196158448047,-92.12097352698608
CONVERTIBLE,7,flat,,,,,,,,,100.0,0.3,0.0,0.003,133.06686070164426,133.9919786536331,-0.9251179519888524,-69.04278608947673
CONVERTIBLE,7,flat,,,,,,,,,100.0,0.3,0.01,0.001,129.25808415221675,130.48310294947893,-1.2250187972621802,-93.88332815295547
CONVERTIBLE,7,flat,,,,,,,,,100.0,0.3,0.01,0.003,128.27014124108194,129.2051676915136,-0.9350264504316499,-72.3675737695021
CONVERTIBLE,7,flat,,,,,,,,,110.0,0.2,0.0,0.001,132.58820522346377,133.68995765068328,-1.101752427219509,-82.41100876838209
CONVERTIBLE,7,flat,,,,,,,,,110.0,0.2,0.0,0.003,131.92867245135372,132.41202239271794,-0.4833499413642244,-36.503478508217874
CONVERTIBLE,7,flat,,,,,,,,,110.0,0.2,0.01,0.001,127.04487822122672,128.1219899803608,-1.077111759134084,-84.06923427424044
CONVERTIBLE,7,flat,,,,,,,,,110.0,0.2,0.01,0.003,126.32209315234215,126.84405472239547,-0.5219615700533211,-41.14986478441264
CONVERTIBLE,7,flat,,,,,,,,,110.0,0.3,0.0,0.001,141.64298537639266,142.6964607583522,-1.0534753819595437,-73.82631470752034
CONVERTIBLE,7,flat,,,,,,,,,110.0,0.3,0.0,0.003,140.81832546987596,141.41852550038686,-0.600200030510905,-42.441400685461325
CONVERTIBLE,7,flat,,,,,,,,,110.0,0.3,0.01,0.001,136.0977376469885,137.13486744934102,-1.0371298023525242,-75.62845406443772
CONVERTIBLE,7,flat,,,,,,,,,110.0,0.3,0.01,0.003,135.23629928284072,135.85693219137568,-0.620632908534958,-45.68282961525289
CONVERTIBLE,5,upward,,,,,,,,,90.0,0.2,0.0,0.001,111.76978285609762,111.38178195709969,0.3880008989979302,34.83522100116646
CONVERTIBLE,5,upward,,,,,,,,,90.0,0.2,0.0,0.003,111.18415944802379,110.48591168359863,0.6982477644251617,63.19790041872052
CONVERTIBLE,5,upward,,,,,,,,,90.0,0.2,0.01,0.001,109.11360721983166,108.86141127024699,0.2521959495846744,23.16669852447543
CONVERTIBLE,5,upward,,,,,,,,,90.0,0.2,0.01,0.003,108.4937272805312,107.96554099674594,0.52818628378526,48.921746597016494
CONVERTIBLE,5,upward,,,,,,,,,90.0,0.3,0.0,0.001,119.40466917233711,119.07227269323462,0.33239647910248493,27.915523201512794
CONVERTIBLE,5,upward,,,,,,,,,90.0,0.3,0.0,0.003,118.80923269818075,118.17640241973358,0.6328302784471731,53.54963135529505
CONVERTIBLE,5,upward,,,,,,,,,90.0,0.3,0.01,0.001,116.58536114977747,116.34022432701565,0.2451368227618218,21.070685068715136
CONVERTIBLE,5,upward,,,,,,,,,90.0,0.3,0.01,0.003,115.96805327206994,115.4443540535146,0.5236992185553362,45.36377918599412
CONVERTIBLE,5,upward,,,,,,,,,100.0,0.2,0.0,0.001,118.5323942502541,117.78772749120084,0.7446667590532599,63.22108210372673
CONVERTIBLE,5,upward,,,,,,,,,100.0,0.2,0.0,0.003,118.02910062868969,116.8918572176998,1.1372434109898961,97.29021662064022
CONVERTIBLE,5,upward,,,,,,,,,100.0,0.2,0.01,0.001,115.15391214052853,114.55043741499914,0.6034747255293951,52.68200970224987
CONVERTIBLE,5,upward,,,,,,,,,100.0,0.2,0.01,0.003,114.61342132589868,113.65456714149809,0.9588541844005931,84.36565362189407
CONVERTIBLE,5,upward,,,,,,,,,100.0,0.3,0.0,0.001,126.12284513309464,125.72388006639463,0.39896506670001486,31.73343572353334
CONVERTIBLE,5,upward,,,,,,,,,100.0,0.3,0.0,0.003,125.5053314278804,124.82800979289358,0.677321634986825,54.26038884306435
CONVERTIBLE,5,upward,,,,,,,,,100.0,0.3,0.01,0.001,122.71552449561537,122.40506737281417,0.3104571228011963,25.363093984959317
CONVERTIBLE,5,upward,,,,,,,,,100.0,0.3,0.01,0.003,122.07688437325474,121.50919709931313,0.5676872739416154,46.719695915497454
CONVERTIBLE,5,upward,,,,,,,,,110.0,0.2,0.0,0.001,126.08490724672117,124.99039642453833,1.0945108221828406,87.56759347056237
CONVERTIBLE,5,upward,,,,,,,,,110.0,0.2,0.0,0.003,125.66920743046617,124.09452615103729,1.5746812794288871,126.89369372443707
CONVERTIBLE,5,upward,,,,,,,,,110.0,0.2,0.01,0.001,121.99084084650735,121.03299443459616,0.9578464119111914,79.13928068835747
CONVERTIBLE,5,upward,,,,,,,,,110.0,0.2,0.01,0.003,121.53703617846165,120.13712416109512,1.3999120173665318,116.52618015804606
CONVERTIBLE,5,upward,,,,,,,,,110.0,0.3,0.0,0.001,133.65853366241356,132.90006789319918,0.7584657692143821,57.070382373611615
CONVERTIBLE,5,upward,,,,,,,,,110.0,0.3,0.0,0.003,133.13298984902204,132.00419761969812,1.1287922293239205,85.51184353818445
CONVERTIBLE,5,upward,,,,,,,,,110.0,0.3,0.01,0.001,129.65387448425776,128.9863473699124,0.6675271143453472,51.75176504773681
CONVERTIBLE,5,upward,,,,,,,,,110.0,0.3,0.01,0.003,129.10473471800273,128.09047709641138,1.014257621591355,79.18290606630669
CONVERTIBLE,7,upward,,,,,,,,,90.0,0.2,0.0,0.001,114.48474988476367,112.8923186147864,1.5924312699772685,141.05753956661982
CONVERTIBLE,7,upward,,,,,,,,,90.0,0.2,0.0,0.003,113.84677747984361,111.70745904510994,2.139318434733667,191.51079552080432
CONVERTIBLE,7,upward,,,,,,,,,90.0,0.2,0.01,0.001,110.44254289321074,109.13420641657599,1.30833647663475,119.88326296529809
CONVERTIBLE,7,upward,,,,,,,,,90.0,0.2,0.01,0.003,109.74652821501057,107.94934684689953,1.7971813681110405,166.48376489576307
CONVERTIBLE,7,upward,,,,,,,,,90.0,0.3,0.0,0.001,122.8386951119933,121.61770274704254,1.2209923649507601,100.39594050632171
CONVERTIBLE,7,upward,,,,,,,,,90.0,0.3,0.0,0.003,122.01905654770971,120.43284317736608,1.5862133703436285,131.70936834959141
CONVERTIBLE,7,upward,,,,,,,,,90.0,0.3,0.01,0.001,118.62464419042067,117.5846133651653,1.0400308252553714,88.4495679741277
CONVERTIBLE,7,upward,,,,,,,,,90.0,0.3,0.01,0.003,117.77305601507531,116.39975379548883,1.3733022195864777,117.98153989220044
CONVERTIBLE,7,upward,,,,,,,,,100.0,0.2,0.0,0.001,121.66398018038588,119.68284192355785,1.9811382568280322,165.53235409411462
CONVERTIBLE,7,upward,,,,,,,,,100.0,0.2,0.0,0.003,120.99908474551454,118.49798235388138,2.501102391633154,211.0670867090279
CONVERTIBLE,7,upward,,,,,,,,,100.0,0.2,0.01,0.001,116.7049321855364,115.01209954131966,1.6928326442167503,147.18735254533607
CONVERTIBLE,7,upward,,,,,,,,,100.0,0.2,0.01,0.003,115.98253690588606,113.8272399716432,2.1552969342428696,189.34808001843848
CONVERTIBLE,7,upward,,,,,,,,,100.0,0.3,0.0,0.001,129.96818331215434,128.6394372920633,1.328746020091046,103.29227553089008
CONVERTIBLE,7,upward,,,,,,,,,100.0,0.3,0.0,0.003,129.1164947493388,127.45457772238684,1.6619170269519685,130.39288636394423
CONVERTIBLE,7,upward,,,,,,,,,100.0,0.3,0.01,0.001,124.98560039831821,123.8403564241595,1.145243974158717,92.47744493210261
CONVERTIBLE,7,upward,,,,,,,,,100.0,0.3,0.01,0.003,124.10337591834765,122.65549685448303,1.4478790638646188,118.04436825056155
CONVERTIBLE,7,upward,,,,,,,,,110.0,0.2,0.0,0.001,129.61642895009697,127.11795707398852,2.4984718761084537,196.54751646568926
CONVERTIBLE,7,upward,,,,,,,,,110.0,0.2,0.0,0.003,129.0717773962192,125.93309750431206,3.1386798919071452,249.23391499996052
CONVERTIBLE,7,upward,,,,,,,,,110.0,0.2,0.01,0.001,123.74962047726481,121.53123123897242,2.2183892382923887,182.53655588580918
CONVERTIBLE,7,upward,,,,,,,,,110.0,0.2,0.01,0.003,123.14598792956946,120.34637166929596,2.7996162602734955,232.62988500946747
CONVERTIBLE,7,upward,,,,,,,,,110.0,0.3,0.0,0.001,137.88413333502595,136.08301936786006,1.8011139671658896,132.35405677596796
CONVERTIBLE,7,upward,,,,,,,,,110.0,0.3,0.0,0.003,137.16016118179567,134.8981597981836,2.2620013836120734,167.68215274368268
CONVERTIBLE,7,upward,,,,,,,,,110.0,0.3,0.01,0.001,132.12078554765438,130.5088818140996,1.611903733554783,123.50912145970437
CONVERTIBLE,7,upward,,,,,,,,,110.0,0.3,0.01,0.003,131.36158008286463,129.32402224442313,2.0375578384415007,157.55447465054132
